--------------------------------------------------------
-- Archivo creado  - jueves-mayo-29-2025   
--------------------------------------------------------
--------------------------------------------------------
--  DDL for Sequence ADMIN_SEQ
--------------------------------------------------------

   CREATE SEQUENCE  "BICICLETAS_APP"."ADMIN_SEQ"  MINVALUE 1 MAXVALUE 9999999999999999999999999999 INCREMENT BY 1 START WITH 2 NOCACHE  NOORDER  NOCYCLE  NOKEEP  NOSCALE  GLOBAL ;
--------------------------------------------------------
--  DDL for Sequence BICICLETA_SEQ
--------------------------------------------------------

   CREATE SEQUENCE  "BICICLETAS_APP"."BICICLETA_SEQ"  MINVALUE 1 MAXVALUE 9999999999999999999999999999 INCREMENT BY 1 START WITH 6 NOCACHE  NOORDER  NOCYCLE  NOKEEP  NOSCALE  GLOBAL ;
--------------------------------------------------------
--  DDL for Sequence HISTORIAL_SEQ
--------------------------------------------------------

   CREATE SEQUENCE  "BICICLETAS_APP"."HISTORIAL_SEQ"  MINVALUE 1 MAXVALUE 9999999999999999999999999999 INCREMENT BY 1 START WITH 16 NOCACHE  NOORDER  NOCYCLE  NOKEEP  NOSCALE  GLOBAL ;
--------------------------------------------------------
--  DDL for Sequence MANTENIMIENTO_SEQ
--------------------------------------------------------

   CREATE SEQUENCE  "BICICLETAS_APP"."MANTENIMIENTO_SEQ"  MINVALUE 1 MAXVALUE 9999999999999999999999999999 INCREMENT BY 1 START WITH 1 NOCACHE  NOORDER  NOCYCLE  NOKEEP  NOSCALE  GLOBAL ;
--------------------------------------------------------
--  DDL for Sequence REPORTE_SEQ
--------------------------------------------------------

   CREATE SEQUENCE  "BICICLETAS_APP"."REPORTE_SEQ"  MINVALUE 1 MAXVALUE 9999999999999999999999999999 INCREMENT BY 1 START WITH 17 NOCACHE  NOORDER  NOCYCLE  NOKEEP  NOSCALE  GLOBAL ;
--------------------------------------------------------
--  DDL for Sequence RESERVA_SEQ
--------------------------------------------------------

   CREATE SEQUENCE  "BICICLETAS_APP"."RESERVA_SEQ"  MINVALUE 1 MAXVALUE 9999999999999999999999999999 INCREMENT BY 1 START WITH 24 NOCACHE  NOORDER  NOCYCLE  NOKEEP  NOSCALE  GLOBAL ;
--------------------------------------------------------
--  DDL for Sequence TERMINAL_SEQ
--------------------------------------------------------

   CREATE SEQUENCE  "BICICLETAS_APP"."TERMINAL_SEQ"  MINVALUE 1 MAXVALUE 9999999999999999999999999999 INCREMENT BY 1 START WITH 1 NOCACHE  NOORDER  NOCYCLE  NOKEEP  NOSCALE  GLOBAL ;
--------------------------------------------------------
--  DDL for Sequence USUARIO_SEQ
--------------------------------------------------------

   CREATE SEQUENCE  "BICICLETAS_APP"."USUARIO_SEQ"  MINVALUE 1 MAXVALUE 9999999999999999999999999999 INCREMENT BY 1 START WITH 6 NOCACHE  NOORDER  NOCYCLE  NOKEEP  NOSCALE  GLOBAL ;
--------------------------------------------------------
--  DDL for Table BICICLETA
--------------------------------------------------------

  CREATE TABLE "BICICLETAS_APP"."BICICLETA" 
   (	"ID_BICICLETA" NUMBER, 
	"ESTADO" VARCHAR2(20 BYTE), 
	"UBICACION" VARCHAR2(100 BYTE), 
	"MODELO" VARCHAR2(50 BYTE), 
	"FECHA_MANTE" DATE, 
	"ID_TERMINAL" NUMBER
   ) SEGMENT CREATION IMMEDIATE 
  PCTFREE 10 PCTUSED 40 INITRANS 1 MAXTRANS 255 
 NOCOMPRESS LOGGING
  STORAGE(INITIAL 65536 NEXT 1048576 MINEXTENTS 1 MAXEXTENTS 2147483645
  PCTINCREASE 0 FREELISTS 1 FREELIST GROUPS 1
  BUFFER_POOL DEFAULT FLASH_CACHE DEFAULT CELL_FLASH_CACHE DEFAULT)
  TABLESPACE "USERS" ;
--------------------------------------------------------
--  DDL for Table HISTORIAL
--------------------------------------------------------

  CREATE TABLE "BICICLETAS_APP"."HISTORIAL" 
   (	"ID_HISTORIAL" NUMBER, 
	"ID_USUARIO" NUMBER, 
	"ID_BICICLETA" NUMBER, 
	"FECHA_INICIO" DATE, 
	"FECHA_FIN" DATE, 
	"DESCRIPCION" VARCHAR2(200 BYTE), 
	"REPORTE" VARCHAR2(200 BYTE)
   ) SEGMENT CREATION IMMEDIATE 
  PCTFREE 10 PCTUSED 40 INITRANS 1 MAXTRANS 255 
 NOCOMPRESS LOGGING
  STORAGE(INITIAL 65536 NEXT 1048576 MINEXTENTS 1 MAXEXTENTS 2147483645
  PCTINCREASE 0 FREELISTS 1 FREELIST GROUPS 1
  BUFFER_POOL DEFAULT FLASH_CACHE DEFAULT CELL_FLASH_CACHE DEFAULT)
  TABLESPACE "USERS" ;
--------------------------------------------------------
--  DDL for Table MANTENIMIENTO
--------------------------------------------------------

  CREATE TABLE "BICICLETAS_APP"."MANTENIMIENTO" 
   (	"ID_MANTENIMIENTO" NUMBER, 
	"DESCRIPCION" VARCHAR2(200 BYTE), 
	"FECHA_MANT" DATE, 
	"TIPO" VARCHAR2(50 BYTE), 
	"ID_BICICLETA" NUMBER
   ) SEGMENT CREATION IMMEDIATE 
  PCTFREE 10 PCTUSED 40 INITRANS 1 MAXTRANS 255 
 NOCOMPRESS LOGGING
  STORAGE(INITIAL 65536 NEXT 1048576 MINEXTENTS 1 MAXEXTENTS 2147483645
  PCTINCREASE 0 FREELISTS 1 FREELIST GROUPS 1
  BUFFER_POOL DEFAULT FLASH_CACHE DEFAULT CELL_FLASH_CACHE DEFAULT)
  TABLESPACE "USERS" ;
--------------------------------------------------------
--  DDL for Table REPORTE
--------------------------------------------------------

  CREATE TABLE "BICICLETAS_APP"."REPORTE" 
   (	"ID_REPORTE" NUMBER, 
	"DESCRIPCION" VARCHAR2(200 BYTE), 
	"FECHA_REPORTE" DATE, 
	"ESTADO" VARCHAR2(20 BYTE), 
	"ID_BICICLETA" NUMBER, 
	"ID_USUARIO" NUMBER
   ) SEGMENT CREATION IMMEDIATE 
  PCTFREE 10 PCTUSED 40 INITRANS 1 MAXTRANS 255 
 NOCOMPRESS LOGGING
  STORAGE(INITIAL 65536 NEXT 1048576 MINEXTENTS 1 MAXEXTENTS 2147483645
  PCTINCREASE 0 FREELISTS 1 FREELIST GROUPS 1
  BUFFER_POOL DEFAULT FLASH_CACHE DEFAULT CELL_FLASH_CACHE DEFAULT)
  TABLESPACE "USERS" ;
--------------------------------------------------------
--  DDL for Table RESERVA
--------------------------------------------------------

  CREATE TABLE "BICICLETAS_APP"."RESERVA" 
   (	"ID_RESERVA" NUMBER, 
	"FECHA_INICIO" DATE, 
	"FECHA_FIN" DATE, 
	"ESTADO" VARCHAR2(20 BYTE), 
	"CODIGO_DESBLOQUEO" VARCHAR2(50 BYTE), 
	"ID_USUARIO" NUMBER, 
	"ID_BICICLETA" NUMBER, 
	"QR_PATH" VARCHAR2(200 BYTE)
   ) SEGMENT CREATION IMMEDIATE 
  PCTFREE 10 PCTUSED 40 INITRANS 1 MAXTRANS 255 
 NOCOMPRESS LOGGING
  STORAGE(INITIAL 65536 NEXT 1048576 MINEXTENTS 1 MAXEXTENTS 2147483645
  PCTINCREASE 0 FREELISTS 1 FREELIST GROUPS 1
  BUFFER_POOL DEFAULT FLASH_CACHE DEFAULT CELL_FLASH_CACHE DEFAULT)
  TABLESPACE "USERS" ;
--------------------------------------------------------
--  DDL for Table TERMINAL
--------------------------------------------------------

  CREATE TABLE "BICICLETAS_APP"."TERMINAL" 
   (	"ID_TERMINAL" NUMBER, 
	"UBICACION" VARCHAR2(100 BYTE), 
	"CAPACIDAD" NUMBER, 
	"BICICLETAS_DISPONIBLES" NUMBER
   ) SEGMENT CREATION IMMEDIATE 
  PCTFREE 10 PCTUSED 40 INITRANS 1 MAXTRANS 255 
 NOCOMPRESS LOGGING
  STORAGE(INITIAL 65536 NEXT 1048576 MINEXTENTS 1 MAXEXTENTS 2147483645
  PCTINCREASE 0 FREELISTS 1 FREELIST GROUPS 1
  BUFFER_POOL DEFAULT FLASH_CACHE DEFAULT CELL_FLASH_CACHE DEFAULT)
  TABLESPACE "USERS" ;
--------------------------------------------------------
--  DDL for Table USUARIO
--------------------------------------------------------

  CREATE TABLE "BICICLETAS_APP"."USUARIO" 
   (	"ID_USUARIO" NUMBER, 
	"NOMBRE" VARCHAR2(100 BYTE), 
	"EMAIL" VARCHAR2(100 BYTE), 
	"ESTADO" VARCHAR2(20 BYTE), 
	"CONTRASENA" VARCHAR2(100 BYTE), 
	"ADMINISTRADOR" NUMBER(1,0) DEFAULT 0
   ) SEGMENT CREATION IMMEDIATE 
  PCTFREE 10 PCTUSED 40 INITRANS 1 MAXTRANS 255 
 NOCOMPRESS LOGGING
  STORAGE(INITIAL 65536 NEXT 1048576 MINEXTENTS 1 MAXEXTENTS 2147483645
  PCTINCREASE 0 FREELISTS 1 FREELIST GROUPS 1
  BUFFER_POOL DEFAULT FLASH_CACHE DEFAULT CELL_FLASH_CACHE DEFAULT)
  TABLESPACE "USERS" ;
REM INSERTING into BICICLETAS_APP.BICICLETA
SET DEFINE OFF;
Insert into BICICLETAS_APP.BICICLETA (ID_BICICLETA,ESTADO,UBICACION,MODELO,FECHA_MANTE,ID_TERMINAL) values (5,'activo','Terminal Sur','AJE',null,null);
Insert into BICICLETAS_APP.BICICLETA (ID_BICICLETA,ESTADO,UBICACION,MODELO,FECHA_MANTE,ID_TERMINAL) values (4,'activo','Terminal Norte','MPD',null,null);
Insert into BICICLETAS_APP.BICICLETA (ID_BICICLETA,ESTADO,UBICACION,MODELO,FECHA_MANTE,ID_TERMINAL) values (1,'inactivo','Terminal Oeste','AM',to_date('01/05/24','DD/MM/RR'),1);
Insert into BICICLETAS_APP.BICICLETA (ID_BICICLETA,ESTADO,UBICACION,MODELO,FECHA_MANTE,ID_TERMINAL) values (2,'inactivo','Terminal Centro','Ruta',to_date('20/04/24','DD/MM/RR'),1);
Insert into BICICLETAS_APP.BICICLETA (ID_BICICLETA,ESTADO,UBICACION,MODELO,FECHA_MANTE,ID_TERMINAL) values (3,'activo','Terminal Norte','Urbana',to_date('15/04/24','DD/MM/RR'),2);
REM INSERTING into BICICLETAS_APP.HISTORIAL
SET DEFINE OFF;
Insert into BICICLETAS_APP.HISTORIAL (ID_HISTORIAL,ID_USUARIO,ID_BICICLETA,FECHA_INICIO,FECHA_FIN,DESCRIPCION,REPORTE) values (4,2,1,to_date('09/05/25','DD/MM/RR'),to_date('09/05/25','DD/MM/RR'),'Viaje completado','-');
Insert into BICICLETAS_APP.HISTORIAL (ID_HISTORIAL,ID_USUARIO,ID_BICICLETA,FECHA_INICIO,FECHA_FIN,DESCRIPCION,REPORTE) values (7,2,2,to_date('13/05/25','DD/MM/RR'),to_date('13/05/25','DD/MM/RR'),'Viaje completado','-');
Insert into BICICLETAS_APP.HISTORIAL (ID_HISTORIAL,ID_USUARIO,ID_BICICLETA,FECHA_INICIO,FECHA_FIN,DESCRIPCION,REPORTE) values (11,3,3,to_date('28/05/25','DD/MM/RR'),to_date('28/05/25','DD/MM/RR'),'Viaje completado','-');
Insert into BICICLETAS_APP.HISTORIAL (ID_HISTORIAL,ID_USUARIO,ID_BICICLETA,FECHA_INICIO,FECHA_FIN,DESCRIPCION,REPORTE) values (12,3,3,to_date('28/05/25','DD/MM/RR'),to_date('28/05/25','DD/MM/RR'),'Viaje completado','-');
Insert into BICICLETAS_APP.HISTORIAL (ID_HISTORIAL,ID_USUARIO,ID_BICICLETA,FECHA_INICIO,FECHA_FIN,DESCRIPCION,REPORTE) values (13,1,3,to_date('29/05/25','DD/MM/RR'),to_date('29/05/25','DD/MM/RR'),'Viaje completado','-');
Insert into BICICLETAS_APP.HISTORIAL (ID_HISTORIAL,ID_USUARIO,ID_BICICLETA,FECHA_INICIO,FECHA_FIN,DESCRIPCION,REPORTE) values (14,1,1,to_date('29/05/25','DD/MM/RR'),to_date('29/05/25','DD/MM/RR'),'Viaje completado','-');
Insert into BICICLETAS_APP.HISTORIAL (ID_HISTORIAL,ID_USUARIO,ID_BICICLETA,FECHA_INICIO,FECHA_FIN,DESCRIPCION,REPORTE) values (15,1,2,to_date('29/05/25','DD/MM/RR'),to_date('29/05/25','DD/MM/RR'),'Viaje completado','-');
Insert into BICICLETAS_APP.HISTORIAL (ID_HISTORIAL,ID_USUARIO,ID_BICICLETA,FECHA_INICIO,FECHA_FIN,DESCRIPCION,REPORTE) values (1,1,1,to_date('01/05/24','DD/MM/RR'),to_date('01/05/24','DD/MM/RR'),'Paseo al parque',null);
Insert into BICICLETAS_APP.HISTORIAL (ID_HISTORIAL,ID_USUARIO,ID_BICICLETA,FECHA_INICIO,FECHA_FIN,DESCRIPCION,REPORTE) values (2,2,2,to_date('02/05/24','DD/MM/RR'),to_date('02/05/24','DD/MM/RR'),'Trayecto al trabajo','Cambio de llanta');
Insert into BICICLETAS_APP.HISTORIAL (ID_HISTORIAL,ID_USUARIO,ID_BICICLETA,FECHA_INICIO,FECHA_FIN,DESCRIPCION,REPORTE) values (3,1,3,to_date('03/05/24','DD/MM/RR'),to_date('03/05/24','DD/MM/RR'),'Ruta universitaria',null);
Insert into BICICLETAS_APP.HISTORIAL (ID_HISTORIAL,ID_USUARIO,ID_BICICLETA,FECHA_INICIO,FECHA_FIN,DESCRIPCION,REPORTE) values (5,3,1,to_date('09/05/25','DD/MM/RR'),to_date('09/05/25','DD/MM/RR'),'Viaje completado','-');
Insert into BICICLETAS_APP.HISTORIAL (ID_HISTORIAL,ID_USUARIO,ID_BICICLETA,FECHA_INICIO,FECHA_FIN,DESCRIPCION,REPORTE) values (6,4,2,to_date('09/05/25','DD/MM/RR'),to_date('09/05/25','DD/MM/RR'),'Viaje completado','-');
Insert into BICICLETAS_APP.HISTORIAL (ID_HISTORIAL,ID_USUARIO,ID_BICICLETA,FECHA_INICIO,FECHA_FIN,DESCRIPCION,REPORTE) values (8,2,2,to_date('13/05/25','DD/MM/RR'),to_date('13/05/25','DD/MM/RR'),'Viaje completado','-');
Insert into BICICLETAS_APP.HISTORIAL (ID_HISTORIAL,ID_USUARIO,ID_BICICLETA,FECHA_INICIO,FECHA_FIN,DESCRIPCION,REPORTE) values (9,2,2,to_date('16/05/25','DD/MM/RR'),to_date('16/05/25','DD/MM/RR'),'Viaje completado','-');
Insert into BICICLETAS_APP.HISTORIAL (ID_HISTORIAL,ID_USUARIO,ID_BICICLETA,FECHA_INICIO,FECHA_FIN,DESCRIPCION,REPORTE) values (10,5,2,to_date('17/05/25','DD/MM/RR'),to_date('17/05/25','DD/MM/RR'),'Viaje completado','-');
REM INSERTING into BICICLETAS_APP.MANTENIMIENTO
SET DEFINE OFF;
Insert into BICICLETAS_APP.MANTENIMIENTO (ID_MANTENIMIENTO,DESCRIPCION,FECHA_MANT,TIPO,ID_BICICLETA) values (1,'Cambio de frenos',to_date('02/05/24','DD/MM/RR'),'preventivo',1);
Insert into BICICLETAS_APP.MANTENIMIENTO (ID_MANTENIMIENTO,DESCRIPCION,FECHA_MANT,TIPO,ID_BICICLETA) values (2,'Cambio de llanta',to_date('25/04/24','DD/MM/RR'),'correctivo',2);
REM INSERTING into BICICLETAS_APP.REPORTE
SET DEFINE OFF;
Insert into BICICLETAS_APP.REPORTE (ID_REPORTE,DESCRIPCION,FECHA_REPORTE,ESTADO,ID_BICICLETA,ID_USUARIO) values (5,'nada',to_date('09/05/25','DD/MM/RR'),'pendiente',1,2);
Insert into BICICLETAS_APP.REPORTE (ID_REPORTE,DESCRIPCION,FECHA_REPORTE,ESTADO,ID_BICICLETA,ID_USUARIO) values (6,'nada',to_date('09/05/25','DD/MM/RR'),'pendiente',1,2);
Insert into BICICLETAS_APP.REPORTE (ID_REPORTE,DESCRIPCION,FECHA_REPORTE,ESTADO,ID_BICICLETA,ID_USUARIO) values (9,'nada',to_date('13/05/25','DD/MM/RR'),'pendiente',2,2);
Insert into BICICLETAS_APP.REPORTE (ID_REPORTE,DESCRIPCION,FECHA_REPORTE,ESTADO,ID_BICICLETA,ID_USUARIO) values (11,'nada',to_date('16/05/25','DD/MM/RR'),'pendiente',2,2);
Insert into BICICLETAS_APP.REPORTE (ID_REPORTE,DESCRIPCION,FECHA_REPORTE,ESTADO,ID_BICICLETA,ID_USUARIO) values (13,'null',to_date('28/05/25','DD/MM/RR'),'pendiente',3,3);
Insert into BICICLETAS_APP.REPORTE (ID_REPORTE,DESCRIPCION,FECHA_REPORTE,ESTADO,ID_BICICLETA,ID_USUARIO) values (14,'nada',to_date('29/05/25','DD/MM/RR'),'pendiente',3,1);
Insert into BICICLETAS_APP.REPORTE (ID_REPORTE,DESCRIPCION,FECHA_REPORTE,ESTADO,ID_BICICLETA,ID_USUARIO) values (15,'nada',to_date('29/05/25','DD/MM/RR'),'pendiente',1,1);
Insert into BICICLETAS_APP.REPORTE (ID_REPORTE,DESCRIPCION,FECHA_REPORTE,ESTADO,ID_BICICLETA,ID_USUARIO) values (16,'nada',to_date('29/05/25','DD/MM/RR'),'pendiente',2,1);
Insert into BICICLETAS_APP.REPORTE (ID_REPORTE,DESCRIPCION,FECHA_REPORTE,ESTADO,ID_BICICLETA,ID_USUARIO) values (1,'Freno flojo',to_date('07/05/24','DD/MM/RR'),'pendiente',1,1);
Insert into BICICLETAS_APP.REPORTE (ID_REPORTE,DESCRIPCION,FECHA_REPORTE,ESTADO,ID_BICICLETA,ID_USUARIO) values (2,'Rueda pinchada',to_date('06/05/24','DD/MM/RR'),'resuelto',2,2);
Insert into BICICLETAS_APP.REPORTE (ID_REPORTE,DESCRIPCION,FECHA_REPORTE,ESTADO,ID_BICICLETA,ID_USUARIO) values (10,'Nada',to_date('13/05/25','DD/MM/RR'),'pendiente',2,2);
Insert into BICICLETAS_APP.REPORTE (ID_REPORTE,DESCRIPCION,FECHA_REPORTE,ESTADO,ID_BICICLETA,ID_USUARIO) values (12,'Rueda',to_date('17/05/25','DD/MM/RR'),'pendiente',2,5);
REM INSERTING into BICICLETAS_APP.RESERVA
SET DEFINE OFF;
Insert into BICICLETAS_APP.RESERVA (ID_RESERVA,FECHA_INICIO,FECHA_FIN,ESTADO,CODIGO_DESBLOQUEO,ID_USUARIO,ID_BICICLETA,QR_PATH) values (10,to_date('09/05/25','DD/MM/RR'),to_date('09/05/25','DD/MM/RR'),'completada','CODE4118',2,1,null);
Insert into BICICLETAS_APP.RESERVA (ID_RESERVA,FECHA_INICIO,FECHA_FIN,ESTADO,CODIGO_DESBLOQUEO,ID_USUARIO,ID_BICICLETA,QR_PATH) values (14,to_date('13/05/25','DD/MM/RR'),to_date('13/05/25','DD/MM/RR'),'completada','CODE6162',2,2,null);
Insert into BICICLETAS_APP.RESERVA (ID_RESERVA,FECHA_INICIO,FECHA_FIN,ESTADO,CODIGO_DESBLOQUEO,ID_USUARIO,ID_BICICLETA,QR_PATH) values (18,to_date('28/05/25','DD/MM/RR'),to_date('28/05/25','DD/MM/RR'),'completada','CODE1084',3,3,'qrs/qr_1748481542281.png');
Insert into BICICLETAS_APP.RESERVA (ID_RESERVA,FECHA_INICIO,FECHA_FIN,ESTADO,CODIGO_DESBLOQUEO,ID_USUARIO,ID_BICICLETA,QR_PATH) values (19,to_date('28/05/25','DD/MM/RR'),to_date('28/05/25','DD/MM/RR'),'completada','CODE7680',3,3,'qrs/qr_1748482777559.png');
Insert into BICICLETAS_APP.RESERVA (ID_RESERVA,FECHA_INICIO,FECHA_FIN,ESTADO,CODIGO_DESBLOQUEO,ID_USUARIO,ID_BICICLETA,QR_PATH) values (20,to_date('28/05/25','DD/MM/RR'),null,'activa','CODE8855',3,3,'qrs/qr_1748482859531.png');
Insert into BICICLETAS_APP.RESERVA (ID_RESERVA,FECHA_INICIO,FECHA_FIN,ESTADO,CODIGO_DESBLOQUEO,ID_USUARIO,ID_BICICLETA,QR_PATH) values (21,to_date('29/05/25','DD/MM/RR'),to_date('29/05/25','DD/MM/RR'),'completada','CODE9000',1,3,'qrs/qr_1748565805068.png');
Insert into BICICLETAS_APP.RESERVA (ID_RESERVA,FECHA_INICIO,FECHA_FIN,ESTADO,CODIGO_DESBLOQUEO,ID_USUARIO,ID_BICICLETA,QR_PATH) values (22,to_date('29/05/25','DD/MM/RR'),to_date('29/05/25','DD/MM/RR'),'completada','CODE2274',1,1,'qrs/qr_1748565850135.png');
Insert into BICICLETAS_APP.RESERVA (ID_RESERVA,FECHA_INICIO,FECHA_FIN,ESTADO,CODIGO_DESBLOQUEO,ID_USUARIO,ID_BICICLETA,QR_PATH) values (23,to_date('29/05/25','DD/MM/RR'),to_date('29/05/25','DD/MM/RR'),'completada','CODE9259',1,2,'qrs/qr_1748566000957.png');
Insert into BICICLETAS_APP.RESERVA (ID_RESERVA,FECHA_INICIO,FECHA_FIN,ESTADO,CODIGO_DESBLOQUEO,ID_USUARIO,ID_BICICLETA,QR_PATH) values (1,to_date('09/05/24','DD/MM/RR'),to_date('09/05/25','DD/MM/RR'),'completada','CODE123',1,1,null);
Insert into BICICLETAS_APP.RESERVA (ID_RESERVA,FECHA_INICIO,FECHA_FIN,ESTADO,CODIGO_DESBLOQUEO,ID_USUARIO,ID_BICICLETA,QR_PATH) values (2,to_date('08/05/24','DD/MM/RR'),to_date('08/05/24','DD/MM/RR'),'completada','CODE456',2,2,null);
Insert into BICICLETAS_APP.RESERVA (ID_RESERVA,FECHA_INICIO,FECHA_FIN,ESTADO,CODIGO_DESBLOQUEO,ID_USUARIO,ID_BICICLETA,QR_PATH) values (5,to_date('09/05/25','DD/MM/RR'),to_date('09/05/25','DD/MM/RR'),'completada','CODE8114',2,1,null);
Insert into BICICLETAS_APP.RESERVA (ID_RESERVA,FECHA_INICIO,FECHA_FIN,ESTADO,CODIGO_DESBLOQUEO,ID_USUARIO,ID_BICICLETA,QR_PATH) values (4,to_date('09/05/25','DD/MM/RR'),to_date('09/05/25','DD/MM/RR'),'completada','CODE2178',2,1,null);
Insert into BICICLETAS_APP.RESERVA (ID_RESERVA,FECHA_INICIO,FECHA_FIN,ESTADO,CODIGO_DESBLOQUEO,ID_USUARIO,ID_BICICLETA,QR_PATH) values (11,to_date('09/05/25','DD/MM/RR'),to_date('09/05/25','DD/MM/RR'),'completada','CODE5211',3,1,null);
Insert into BICICLETAS_APP.RESERVA (ID_RESERVA,FECHA_INICIO,FECHA_FIN,ESTADO,CODIGO_DESBLOQUEO,ID_USUARIO,ID_BICICLETA,QR_PATH) values (12,to_date('09/05/25','DD/MM/RR'),to_date('09/05/25','DD/MM/RR'),'completada','CODE3733',4,2,null);
Insert into BICICLETAS_APP.RESERVA (ID_RESERVA,FECHA_INICIO,FECHA_FIN,ESTADO,CODIGO_DESBLOQUEO,ID_USUARIO,ID_BICICLETA,QR_PATH) values (15,to_date('13/05/25','DD/MM/RR'),to_date('13/05/25','DD/MM/RR'),'completada','CODE5979',2,2,null);
Insert into BICICLETAS_APP.RESERVA (ID_RESERVA,FECHA_INICIO,FECHA_FIN,ESTADO,CODIGO_DESBLOQUEO,ID_USUARIO,ID_BICICLETA,QR_PATH) values (16,to_date('16/05/25','DD/MM/RR'),to_date('16/05/25','DD/MM/RR'),'completada','CODE2952',2,2,null);
Insert into BICICLETAS_APP.RESERVA (ID_RESERVA,FECHA_INICIO,FECHA_FIN,ESTADO,CODIGO_DESBLOQUEO,ID_USUARIO,ID_BICICLETA,QR_PATH) values (17,to_date('17/05/25','DD/MM/RR'),to_date('17/05/25','DD/MM/RR'),'completada','CODE4191',5,2,null);
Insert into BICICLETAS_APP.RESERVA (ID_RESERVA,FECHA_INICIO,FECHA_FIN,ESTADO,CODIGO_DESBLOQUEO,ID_USUARIO,ID_BICICLETA,QR_PATH) values (6,to_date('09/05/25','DD/MM/RR'),to_date('09/05/25','DD/MM/RR'),'completada','CODE9570',2,1,null);
Insert into BICICLETAS_APP.RESERVA (ID_RESERVA,FECHA_INICIO,FECHA_FIN,ESTADO,CODIGO_DESBLOQUEO,ID_USUARIO,ID_BICICLETA,QR_PATH) values (7,to_date('09/05/25','DD/MM/RR'),to_date('09/05/25','DD/MM/RR'),'completada','CODE8981',2,1,null);
Insert into BICICLETAS_APP.RESERVA (ID_RESERVA,FECHA_INICIO,FECHA_FIN,ESTADO,CODIGO_DESBLOQUEO,ID_USUARIO,ID_BICICLETA,QR_PATH) values (8,to_date('09/05/25','DD/MM/RR'),to_date('09/05/25','DD/MM/RR'),'completada','CODE4875',2,1,null);
Insert into BICICLETAS_APP.RESERVA (ID_RESERVA,FECHA_INICIO,FECHA_FIN,ESTADO,CODIGO_DESBLOQUEO,ID_USUARIO,ID_BICICLETA,QR_PATH) values (9,to_date('09/05/25','DD/MM/RR'),to_date('09/05/25','DD/MM/RR'),'completada','CODE9512',2,1,null);
Insert into BICICLETAS_APP.RESERVA (ID_RESERVA,FECHA_INICIO,FECHA_FIN,ESTADO,CODIGO_DESBLOQUEO,ID_USUARIO,ID_BICICLETA,QR_PATH) values (13,to_date('13/05/25','DD/MM/RR'),null,'activa','CODE4909',2,1,null);
REM INSERTING into BICICLETAS_APP.TERMINAL
SET DEFINE OFF;
Insert into BICICLETAS_APP.TERMINAL (ID_TERMINAL,UBICACION,CAPACIDAD,BICICLETAS_DISPONIBLES) values (1,'Terminal Centro',10,4);
Insert into BICICLETAS_APP.TERMINAL (ID_TERMINAL,UBICACION,CAPACIDAD,BICICLETAS_DISPONIBLES) values (2,'Terminal Norte',8,2);
Insert into BICICLETAS_APP.TERMINAL (ID_TERMINAL,UBICACION,CAPACIDAD,BICICLETAS_DISPONIBLES) values (3,'Terminal Sur',9,7);
Insert into BICICLETAS_APP.TERMINAL (ID_TERMINAL,UBICACION,CAPACIDAD,BICICLETAS_DISPONIBLES) values (4,'Terminal Este',7,7);
Insert into BICICLETAS_APP.TERMINAL (ID_TERMINAL,UBICACION,CAPACIDAD,BICICLETAS_DISPONIBLES) values (5,'Terminal Oeste',10,8);
REM INSERTING into BICICLETAS_APP.USUARIO
SET DEFINE OFF;
Insert into BICICLETAS_APP.USUARIO (ID_USUARIO,NOMBRE,EMAIL,ESTADO,CONTRASENA,ADMINISTRADOR) values (1,'Ana López','ana@example.com','activo','pass123',0);
Insert into BICICLETAS_APP.USUARIO (ID_USUARIO,NOMBRE,EMAIL,ESTADO,CONTRASENA,ADMINISTRADOR) values (2,'Luis Gómez','luis@example.com','activo','pass456',0);
Insert into BICICLETAS_APP.USUARIO (ID_USUARIO,NOMBRE,EMAIL,ESTADO,CONTRASENA,ADMINISTRADOR) values (3,'Angel Linares','angellinares@gmail.com','activo','123456',1);
Insert into BICICLETAS_APP.USUARIO (ID_USUARIO,NOMBRE,EMAIL,ESTADO,CONTRASENA,ADMINISTRADOR) values (4,'erick Lorenzo','LEZ@gmail.com','activo','987654',0);
Insert into BICICLETAS_APP.USUARIO (ID_USUARIO,NOMBRE,EMAIL,ESTADO,CONTRASENA,ADMINISTRADOR) values (5,'Melvin Cali','Meviln@ejemplo.com','activo','123456',1);
--------------------------------------------------------
--  DDL for Index SYS_C008274
--------------------------------------------------------

  CREATE UNIQUE INDEX "BICICLETAS_APP"."SYS_C008274" ON "BICICLETAS_APP"."USUARIO" ("ID_USUARIO") 
  PCTFREE 10 INITRANS 2 MAXTRANS 255 COMPUTE STATISTICS 
  STORAGE(INITIAL 65536 NEXT 1048576 MINEXTENTS 1 MAXEXTENTS 2147483645
  PCTINCREASE 0 FREELISTS 1 FREELIST GROUPS 1
  BUFFER_POOL DEFAULT FLASH_CACHE DEFAULT CELL_FLASH_CACHE DEFAULT)
  TABLESPACE "USERS" ;
--------------------------------------------------------
--  DDL for Index SYS_C008275
--------------------------------------------------------

  CREATE UNIQUE INDEX "BICICLETAS_APP"."SYS_C008275" ON "BICICLETAS_APP"."TERMINAL" ("ID_TERMINAL") 
  PCTFREE 10 INITRANS 2 MAXTRANS 255 COMPUTE STATISTICS 
  STORAGE(INITIAL 65536 NEXT 1048576 MINEXTENTS 1 MAXEXTENTS 2147483645
  PCTINCREASE 0 FREELISTS 1 FREELIST GROUPS 1
  BUFFER_POOL DEFAULT FLASH_CACHE DEFAULT CELL_FLASH_CACHE DEFAULT)
  TABLESPACE "USERS" ;
--------------------------------------------------------
--  DDL for Index SYS_C008276
--------------------------------------------------------

  CREATE UNIQUE INDEX "BICICLETAS_APP"."SYS_C008276" ON "BICICLETAS_APP"."BICICLETA" ("ID_BICICLETA") 
  PCTFREE 10 INITRANS 2 MAXTRANS 255 COMPUTE STATISTICS 
  STORAGE(INITIAL 65536 NEXT 1048576 MINEXTENTS 1 MAXEXTENTS 2147483645
  PCTINCREASE 0 FREELISTS 1 FREELIST GROUPS 1
  BUFFER_POOL DEFAULT FLASH_CACHE DEFAULT CELL_FLASH_CACHE DEFAULT)
  TABLESPACE "USERS" ;
--------------------------------------------------------
--  DDL for Index SYS_C008278
--------------------------------------------------------

  CREATE UNIQUE INDEX "BICICLETAS_APP"."SYS_C008278" ON "BICICLETAS_APP"."RESERVA" ("ID_RESERVA") 
  PCTFREE 10 INITRANS 2 MAXTRANS 255 COMPUTE STATISTICS 
  STORAGE(INITIAL 65536 NEXT 1048576 MINEXTENTS 1 MAXEXTENTS 2147483645
  PCTINCREASE 0 FREELISTS 1 FREELIST GROUPS 1
  BUFFER_POOL DEFAULT FLASH_CACHE DEFAULT CELL_FLASH_CACHE DEFAULT)
  TABLESPACE "USERS" ;
--------------------------------------------------------
--  DDL for Index SYS_C008281
--------------------------------------------------------

  CREATE UNIQUE INDEX "BICICLETAS_APP"."SYS_C008281" ON "BICICLETAS_APP"."REPORTE" ("ID_REPORTE") 
  PCTFREE 10 INITRANS 2 MAXTRANS 255 COMPUTE STATISTICS 
  STORAGE(INITIAL 65536 NEXT 1048576 MINEXTENTS 1 MAXEXTENTS 2147483645
  PCTINCREASE 0 FREELISTS 1 FREELIST GROUPS 1
  BUFFER_POOL DEFAULT FLASH_CACHE DEFAULT CELL_FLASH_CACHE DEFAULT)
  TABLESPACE "USERS" ;
--------------------------------------------------------
--  DDL for Index SYS_C008284
--------------------------------------------------------

  CREATE UNIQUE INDEX "BICICLETAS_APP"."SYS_C008284" ON "BICICLETAS_APP"."MANTENIMIENTO" ("ID_MANTENIMIENTO") 
  PCTFREE 10 INITRANS 2 MAXTRANS 255 COMPUTE STATISTICS 
  STORAGE(INITIAL 65536 NEXT 1048576 MINEXTENTS 1 MAXEXTENTS 2147483645
  PCTINCREASE 0 FREELISTS 1 FREELIST GROUPS 1
  BUFFER_POOL DEFAULT FLASH_CACHE DEFAULT CELL_FLASH_CACHE DEFAULT)
  TABLESPACE "USERS" ;
--------------------------------------------------------
--  DDL for Index SYS_C008286
--------------------------------------------------------

  CREATE UNIQUE INDEX "BICICLETAS_APP"."SYS_C008286" ON "BICICLETAS_APP"."HISTORIAL" ("ID_HISTORIAL") 
  PCTFREE 10 INITRANS 2 MAXTRANS 255 COMPUTE STATISTICS 
  STORAGE(INITIAL 65536 NEXT 1048576 MINEXTENTS 1 MAXEXTENTS 2147483645
  PCTINCREASE 0 FREELISTS 1 FREELIST GROUPS 1
  BUFFER_POOL DEFAULT FLASH_CACHE DEFAULT CELL_FLASH_CACHE DEFAULT)
  TABLESPACE "USERS" ;
--------------------------------------------------------
--  DDL for Index SYS_C008276
--------------------------------------------------------

  CREATE UNIQUE INDEX "BICICLETAS_APP"."SYS_C008276" ON "BICICLETAS_APP"."BICICLETA" ("ID_BICICLETA") 
  PCTFREE 10 INITRANS 2 MAXTRANS 255 COMPUTE STATISTICS 
  STORAGE(INITIAL 65536 NEXT 1048576 MINEXTENTS 1 MAXEXTENTS 2147483645
  PCTINCREASE 0 FREELISTS 1 FREELIST GROUPS 1
  BUFFER_POOL DEFAULT FLASH_CACHE DEFAULT CELL_FLASH_CACHE DEFAULT)
  TABLESPACE "USERS" ;
--------------------------------------------------------
--  DDL for Index SYS_C008286
--------------------------------------------------------

  CREATE UNIQUE INDEX "BICICLETAS_APP"."SYS_C008286" ON "BICICLETAS_APP"."HISTORIAL" ("ID_HISTORIAL") 
  PCTFREE 10 INITRANS 2 MAXTRANS 255 COMPUTE STATISTICS 
  STORAGE(INITIAL 65536 NEXT 1048576 MINEXTENTS 1 MAXEXTENTS 2147483645
  PCTINCREASE 0 FREELISTS 1 FREELIST GROUPS 1
  BUFFER_POOL DEFAULT FLASH_CACHE DEFAULT CELL_FLASH_CACHE DEFAULT)
  TABLESPACE "USERS" ;
--------------------------------------------------------
--  DDL for Index SYS_C008284
--------------------------------------------------------

  CREATE UNIQUE INDEX "BICICLETAS_APP"."SYS_C008284" ON "BICICLETAS_APP"."MANTENIMIENTO" ("ID_MANTENIMIENTO") 
  PCTFREE 10 INITRANS 2 MAXTRANS 255 COMPUTE STATISTICS 
  STORAGE(INITIAL 65536 NEXT 1048576 MINEXTENTS 1 MAXEXTENTS 2147483645
  PCTINCREASE 0 FREELISTS 1 FREELIST GROUPS 1
  BUFFER_POOL DEFAULT FLASH_CACHE DEFAULT CELL_FLASH_CACHE DEFAULT)
  TABLESPACE "USERS" ;
--------------------------------------------------------
--  DDL for Index SYS_C008281
--------------------------------------------------------

  CREATE UNIQUE INDEX "BICICLETAS_APP"."SYS_C008281" ON "BICICLETAS_APP"."REPORTE" ("ID_REPORTE") 
  PCTFREE 10 INITRANS 2 MAXTRANS 255 COMPUTE STATISTICS 
  STORAGE(INITIAL 65536 NEXT 1048576 MINEXTENTS 1 MAXEXTENTS 2147483645
  PCTINCREASE 0 FREELISTS 1 FREELIST GROUPS 1
  BUFFER_POOL DEFAULT FLASH_CACHE DEFAULT CELL_FLASH_CACHE DEFAULT)
  TABLESPACE "USERS" ;
--------------------------------------------------------
--  DDL for Index SYS_C008278
--------------------------------------------------------

  CREATE UNIQUE INDEX "BICICLETAS_APP"."SYS_C008278" ON "BICICLETAS_APP"."RESERVA" ("ID_RESERVA") 
  PCTFREE 10 INITRANS 2 MAXTRANS 255 COMPUTE STATISTICS 
  STORAGE(INITIAL 65536 NEXT 1048576 MINEXTENTS 1 MAXEXTENTS 2147483645
  PCTINCREASE 0 FREELISTS 1 FREELIST GROUPS 1
  BUFFER_POOL DEFAULT FLASH_CACHE DEFAULT CELL_FLASH_CACHE DEFAULT)
  TABLESPACE "USERS" ;
--------------------------------------------------------
--  DDL for Index SYS_C008275
--------------------------------------------------------

  CREATE UNIQUE INDEX "BICICLETAS_APP"."SYS_C008275" ON "BICICLETAS_APP"."TERMINAL" ("ID_TERMINAL") 
  PCTFREE 10 INITRANS 2 MAXTRANS 255 COMPUTE STATISTICS 
  STORAGE(INITIAL 65536 NEXT 1048576 MINEXTENTS 1 MAXEXTENTS 2147483645
  PCTINCREASE 0 FREELISTS 1 FREELIST GROUPS 1
  BUFFER_POOL DEFAULT FLASH_CACHE DEFAULT CELL_FLASH_CACHE DEFAULT)
  TABLESPACE "USERS" ;
--------------------------------------------------------
--  DDL for Index SYS_C008274
--------------------------------------------------------

  CREATE UNIQUE INDEX "BICICLETAS_APP"."SYS_C008274" ON "BICICLETAS_APP"."USUARIO" ("ID_USUARIO") 
  PCTFREE 10 INITRANS 2 MAXTRANS 255 COMPUTE STATISTICS 
  STORAGE(INITIAL 65536 NEXT 1048576 MINEXTENTS 1 MAXEXTENTS 2147483645
  PCTINCREASE 0 FREELISTS 1 FREELIST GROUPS 1
  BUFFER_POOL DEFAULT FLASH_CACHE DEFAULT CELL_FLASH_CACHE DEFAULT)
  TABLESPACE "USERS" ;
--------------------------------------------------------
--  DDL for Procedure ACTUALIZAR_ESTADO_BICICLETA
--------------------------------------------------------
set define off;

  CREATE OR REPLACE EDITIONABLE PROCEDURE "BICICLETAS_APP"."ACTUALIZAR_ESTADO_BICICLETA" ( p_id_bicicleta IN NUMBER, p_nuevo_estado IN VARCHAR2)AS
BEGIN
    UPDATE Bicicleta
    SET estado = p_nuevo_estado
    WHERE id_bicicleta = p_id_bicicleta;
    COMMIT;
END;

/
--------------------------------------------------------
--  Constraints for Table BICICLETA
--------------------------------------------------------

  ALTER TABLE "BICICLETAS_APP"."BICICLETA" ADD PRIMARY KEY ("ID_BICICLETA")
  USING INDEX PCTFREE 10 INITRANS 2 MAXTRANS 255 COMPUTE STATISTICS 
  STORAGE(INITIAL 65536 NEXT 1048576 MINEXTENTS 1 MAXEXTENTS 2147483645
  PCTINCREASE 0 FREELISTS 1 FREELIST GROUPS 1
  BUFFER_POOL DEFAULT FLASH_CACHE DEFAULT CELL_FLASH_CACHE DEFAULT)
  TABLESPACE "USERS"  ENABLE;
--------------------------------------------------------
--  Constraints for Table HISTORIAL
--------------------------------------------------------

  ALTER TABLE "BICICLETAS_APP"."HISTORIAL" ADD PRIMARY KEY ("ID_HISTORIAL")
  USING INDEX PCTFREE 10 INITRANS 2 MAXTRANS 255 COMPUTE STATISTICS 
  STORAGE(INITIAL 65536 NEXT 1048576 MINEXTENTS 1 MAXEXTENTS 2147483645
  PCTINCREASE 0 FREELISTS 1 FREELIST GROUPS 1
  BUFFER_POOL DEFAULT FLASH_CACHE DEFAULT CELL_FLASH_CACHE DEFAULT)
  TABLESPACE "USERS"  ENABLE;
--------------------------------------------------------
--  Constraints for Table MANTENIMIENTO
--------------------------------------------------------

  ALTER TABLE "BICICLETAS_APP"."MANTENIMIENTO" ADD PRIMARY KEY ("ID_MANTENIMIENTO")
  USING INDEX PCTFREE 10 INITRANS 2 MAXTRANS 255 COMPUTE STATISTICS 
  STORAGE(INITIAL 65536 NEXT 1048576 MINEXTENTS 1 MAXEXTENTS 2147483645
  PCTINCREASE 0 FREELISTS 1 FREELIST GROUPS 1
  BUFFER_POOL DEFAULT FLASH_CACHE DEFAULT CELL_FLASH_CACHE DEFAULT)
  TABLESPACE "USERS"  ENABLE;
--------------------------------------------------------
--  Constraints for Table REPORTE
--------------------------------------------------------

  ALTER TABLE "BICICLETAS_APP"."REPORTE" ADD PRIMARY KEY ("ID_REPORTE")
  USING INDEX PCTFREE 10 INITRANS 2 MAXTRANS 255 COMPUTE STATISTICS 
  STORAGE(INITIAL 65536 NEXT 1048576 MINEXTENTS 1 MAXEXTENTS 2147483645
  PCTINCREASE 0 FREELISTS 1 FREELIST GROUPS 1
  BUFFER_POOL DEFAULT FLASH_CACHE DEFAULT CELL_FLASH_CACHE DEFAULT)
  TABLESPACE "USERS"  ENABLE;
--------------------------------------------------------
--  Constraints for Table RESERVA
--------------------------------------------------------

  ALTER TABLE "BICICLETAS_APP"."RESERVA" ADD PRIMARY KEY ("ID_RESERVA")
  USING INDEX PCTFREE 10 INITRANS 2 MAXTRANS 255 COMPUTE STATISTICS 
  STORAGE(INITIAL 65536 NEXT 1048576 MINEXTENTS 1 MAXEXTENTS 2147483645
  PCTINCREASE 0 FREELISTS 1 FREELIST GROUPS 1
  BUFFER_POOL DEFAULT FLASH_CACHE DEFAULT CELL_FLASH_CACHE DEFAULT)
  TABLESPACE "USERS"  ENABLE;
--------------------------------------------------------
--  Constraints for Table TERMINAL
--------------------------------------------------------

  ALTER TABLE "BICICLETAS_APP"."TERMINAL" ADD PRIMARY KEY ("ID_TERMINAL")
  USING INDEX PCTFREE 10 INITRANS 2 MAXTRANS 255 COMPUTE STATISTICS 
  STORAGE(INITIAL 65536 NEXT 1048576 MINEXTENTS 1 MAXEXTENTS 2147483645
  PCTINCREASE 0 FREELISTS 1 FREELIST GROUPS 1
  BUFFER_POOL DEFAULT FLASH_CACHE DEFAULT CELL_FLASH_CACHE DEFAULT)
  TABLESPACE "USERS"  ENABLE;
--------------------------------------------------------
--  Constraints for Table USUARIO
--------------------------------------------------------

  ALTER TABLE "BICICLETAS_APP"."USUARIO" ADD PRIMARY KEY ("ID_USUARIO")
  USING INDEX PCTFREE 10 INITRANS 2 MAXTRANS 255 COMPUTE STATISTICS 
  STORAGE(INITIAL 65536 NEXT 1048576 MINEXTENTS 1 MAXEXTENTS 2147483645
  PCTINCREASE 0 FREELISTS 1 FREELIST GROUPS 1
  BUFFER_POOL DEFAULT FLASH_CACHE DEFAULT CELL_FLASH_CACHE DEFAULT)
  TABLESPACE "USERS"  ENABLE;
--------------------------------------------------------
--  Ref Constraints for Table BICICLETA
--------------------------------------------------------

  ALTER TABLE "BICICLETAS_APP"."BICICLETA" ADD CONSTRAINT "FK_BICICLETA_TERMINAL" FOREIGN KEY ("ID_TERMINAL")
	  REFERENCES "BICICLETAS_APP"."TERMINAL" ("ID_TERMINAL") ENABLE;
--------------------------------------------------------
--  Ref Constraints for Table HISTORIAL
--------------------------------------------------------

  ALTER TABLE "BICICLETAS_APP"."HISTORIAL" ADD CONSTRAINT "FK_HISTORIAL_USUARIO" FOREIGN KEY ("ID_USUARIO")
	  REFERENCES "BICICLETAS_APP"."USUARIO" ("ID_USUARIO") ENABLE;
  ALTER TABLE "BICICLETAS_APP"."HISTORIAL" ADD CONSTRAINT "FK_HISTORIAL_BICICLETA" FOREIGN KEY ("ID_BICICLETA")
	  REFERENCES "BICICLETAS_APP"."BICICLETA" ("ID_BICICLETA") ENABLE;
--------------------------------------------------------
--  Ref Constraints for Table MANTENIMIENTO
--------------------------------------------------------

  ALTER TABLE "BICICLETAS_APP"."MANTENIMIENTO" ADD CONSTRAINT "FK_MANTENIMIENTO_BICICLETA" FOREIGN KEY ("ID_BICICLETA")
	  REFERENCES "BICICLETAS_APP"."BICICLETA" ("ID_BICICLETA") ENABLE;
--------------------------------------------------------
--  Ref Constraints for Table REPORTE
--------------------------------------------------------

  ALTER TABLE "BICICLETAS_APP"."REPORTE" ADD CONSTRAINT "FK_REPORTE_BICICLETA" FOREIGN KEY ("ID_BICICLETA")
	  REFERENCES "BICICLETAS_APP"."BICICLETA" ("ID_BICICLETA") ENABLE;
  ALTER TABLE "BICICLETAS_APP"."REPORTE" ADD CONSTRAINT "FK_REPORTE_USUARIO" FOREIGN KEY ("ID_USUARIO")
	  REFERENCES "BICICLETAS_APP"."USUARIO" ("ID_USUARIO") ENABLE;
--------------------------------------------------------
--  Ref Constraints for Table RESERVA
--------------------------------------------------------

  ALTER TABLE "BICICLETAS_APP"."RESERVA" ADD CONSTRAINT "FK_RESERVA_USUARIO" FOREIGN KEY ("ID_USUARIO")
	  REFERENCES "BICICLETAS_APP"."USUARIO" ("ID_USUARIO") ENABLE;
  ALTER TABLE "BICICLETAS_APP"."RESERVA" ADD CONSTRAINT "FK_RESERVA_BICICLETA" FOREIGN KEY ("ID_BICICLETA")
	  REFERENCES "BICICLETAS_APP"."BICICLETA" ("ID_BICICLETA") ENABLE;
